{"cameraMode":{"drawMode":0,"name":"Shaded","section":"Shading Mode"},"sceneLighting":true,"audioPlay":false,"sceneViewState":{"m_AlwaysRefresh":false,"showFog":true,"showSkybox":true,"showFlares":true,"showImageEffects":true,"showParticleSystems":true,"showVisualEffectGraphs":true,"m_FxEnabled":true},"in2DMode":false,"pivot":{"x":0.719613254070282,"y":1.3548526763916016,"z":6.441680908203125},"rotation":{"x":-0.24091047048568726,"y":-0.006699398625642061,"z":0.001662811147980392,"w":-0.970524787902832},"size":25.840486526489259,"orthographic":false}